Year,AC_No,AC_Name,AC_Type,Cand,Sex,Party,Turnout
1998,1,ABDASA,GEN,IBRAHIM_ISHAQ_MANDHRA,M,INC,65.25
1998,45,AMRELI,GEN,RUPALA_PARSHOTAMBHAI_KHODABHAI,M,BJP,57.96
1998,133,ANAND,GEN,PATEL_DILIPBHAI_MANIBHAI,M,BJP,60.93
1998,5,ANJAR,GEN,AHIR_VASANBHAI_GOPALBHAI,M,BJP,49.05
1998,157,ANKLESHWAR,GEN,PATEL_JAYANTIBHAI_ZINABHAI,M,BJP,59.31
1998,72,ASARWA,GEN,PATEL_AMRISHKUMAR_GOVINDLAL,M,BJP,51.3
1998,43,BABRA,GEN,UNDHAD_BAVKUBHAI_NATHABHAI,M,BJP,63.47
1998,124,BALASINOR,GEN,CHAUHAN_MANSHINH_KOHYABHAI,M,AIRJP,60.58
1998,166,BARDOLI,ST,RAJWADI_RAJNIKANT_PRABHUBHAI,M,BJP,62.09
1998,147,BARODA_CITY,GEN,LAKHAWALA_BHUPENDRA_GATULAL,M,BJP,52.72
1998,151,BARODA_RURAL,GEN,CHUDASAMA_DILUBHA_TEMUBHA,M,BJP,55.11
1998,61,BAVLA,SC,MAKWANA_GUNVANTBHAI_N.,M,INC,56.56
1998,109,BAYAD,GEN,DR._PATEL_MAHENDRABHAI_SOMABHAI,M,BJP,74.08
1998,139,BHADRAN,GEN,PARMAR_DHIRSINH_CHHATRASINH,M,INC,61.96
1998,29,BHANVAD,GEN,BERA_MURUBHAI_HARADAS,M,BJP,56.75
1998,57,BHAVNAGAR_NORTH,GEN,MAHENDRA_TRIVEDI,M,BJP,51.73
1998,58,BHAVNAGAR_SOUTH,GEN,OZA_SUNIL_BALKRISHNABHAI,M,BJP,53.19
1998,105,BHILODA,GEN,UPENDRA_TRIVEDI,M,IND,62.27
1998,3,BHUJ,GEN,ZAVERI_MUKESH_BABULAL,M,BJP,58.04
1998,138,BORSAD,GEN,SOLANKI_BHARATBHAI_MADHAVSINH,M,INC,61.6
1998,49,BOTAD,GEN,SAURABH_PATEL,M,BJP,63.36
1998,156,BROACH,GEN,BIPINBHAI_ISHWARLAL_SHAH,M,BJP,57.26
1998,178,BULSAR,GEN,DESAI_DOLATRAI_NATHUBHAI,M,BJP,54.13
1998,140,CAMBAY,GEN,SHUKAL_SHIRISKUMAR_MADHUSUDAN,M,BJP,60
1998,132,CHAKALASI,GEN,SHANKARBHAI_DESAIBHAI_VAGHELA,M,INC,69
1998,92,CHANASMA,GEN,ARVIND_T._PATEL,M,BJP,73.58
1998,141,CHHOTA_UDAIPUR,ST,RATHWA_SUKHRAMBHAI_HARIYABHAI,M,INC,49.51
1998,176,CHIKHLI,ST,KANJIBHAI_MAGANBHAI_PATEL,M,BJP,60.57
1998,172,CHORASI,GEN,NAROTTAMBHAI_PATEL,M,BJP,38.55
1998,10,CHOTILA,GEN,SAVASHIBHAI_KANJIBHAI_MAKWANA,M,INC,52.91
1998,145,DABHOI,GEN,SIDDHARTH_CHIMANBHAI_PATEL,M,INC,64.17
1998,177,DANGS-BANSDA,ST,BHOYE_MADHUBHAI_JELYABHAI,M,INC,49.34
1998,102,DANTA,GEN,GADHVI_MUKESH_B.,M,INC,64.42
1998,69,DARIAPUR-KAZIPUR,GEN,BAROT_BHARATKUMAR_CHIMANLAL,M,BJP,49.11
1998,7,DASADA,SC,FAKIRBHAI_RAGHABHAI_VAGHELA,M,BJP,56.85
1998,65,DASKROI,GEN,PATEL_VIJAYBHAI_HARISHCHANDRA,M,BJP,54.97
1998,159,DEDIAPADA,ST,VASAVA_AMARSIH_RAMSING,M,JD,61.42
1998,98,DEESA,GEN,GORDHANJI_GIGAJI_MALI,M,BJP,69.14
1998,66,DEHGAM,GEN,GABHAJI_MANGAJI_THAKOR,M,BJP,62.53
1998,96,DEODAR,GEN,VAGELA_LILADHARBHAI_KHODAJI,M,BJP,68.29
1998,116,DEVGADH_BARIA,GEN,MAHARAUL_URVASHIDEVI_JAYDIPSINH,F,INC,54.91
1998,59,DHANDHUKA,GEN,BHARAT_PANDYA,M,BJP,53.59
1998,99,DHANERA,GEN,PATEL_HARJIVANBHAI_HIRABHAI,M,BJP,68.6
1998,179,DHARAMPUR,ST,CHAUDHARY_HIRABHAI_RAMJIBHAI,M,BJP,52.85
1998,46,DHARI,GEN,BALUBHAI_TANTI,M,BJP,57.02
1998,60,DHOLKA,GEN,KANJIBHAI_RAYABHAI_TALPADA,M,INC,59.88
1998,22,DHORAJI,GEN,RADADIA_VITHALBHAI_HANSRAJBHAI,M,AIRJP,60.85
1998,12,DHRANGADHRA,GEN,INDRAVIJAYSINH_JADEJA,M,BJP,60.18
1998,114,DOHAD,ST,PATEL_LALITKUMAR_BHAGAWANDAS,M,INC,45.79
1998,31,DWARKA,GEN,MANEK_PABUBHA_VIRAMBHA,M,IND,58
1998,68,ELLIS_BRIDGE,GEN,HAREN_PANDYA,M,BJP,47.82
1998,50,GADHADA,SC,ATMARAM_MAKANBHAI_PARMAR,M,BJP,54.26
1998,175,GANDEVI,GEN,PATEL_KARSANBHAI_BHIKHABHAI,M,BJP,58.91
1998,79,GANDHINAGAR,GEN,PATEL_VADIBHAI_BHAISCHANDDAS,M,BJP,63.06
1998,56,GHOGHO,GEN,PARSHOTAMBHAI_ODHAVJIBHAI_SOLANKI,M,BJP,63.6
1998,120,GODHRA,GEN,PATEL_RAJENDRASINH_BALWANTSINH,M,JD,59.8
1998,20,GONDAL,GEN,JADEJA_JAYRAJSINH_TEMUBHA,M,BJP,55.07
1998,118,HALOL,GEN,BARIA_UDESINH_MOHANBHAI,M,INC,52.21
1998,11,HALVAD,GEN,KAVADIA_JAYANTILAL_RAMJIBHAI,M,BJP,64.17
1998,106,HIMATNAGAR,GEN,CHAVDA_RANJITSINH_NARSINH,M,BJP,60.71
1998,104,IDAR,SC,RAMANLAL_VORA,M,BJP,62.53
1998,173,JALALPORE,GEN,PATEL_RAMESHBHAI_CHHOTUBHAI,M,BJP,61.05
1998,76,JAMALPUR,GEN,DEVDIWALA_USMANGANI_I.,M,IND,53.42
1998,154,JAMBUSAR,GEN,MORI_CHHATRASINH_PUJABHAI,M,BJP,62.11
1998,28,JAMJODHPUR,GEN,SAPARIYA_CHIMANLAL_DHARAMSHIBHAI,M,BJP,58.62
1998,25,JAMNAGAR,GEN,KHATTAR_PARMANAND_VISHANDAS,M,BJP,42.87
1998,26,JAMNAGAR_RURAL,SC,ZALA_MANHARBHAI_VALJI,M,BJP,36.81
1998,16,JASDAN,GEN,KUNVARJIBHAI_MOHANBHAI_BAVALIYA,M,INC,57.67
1998,21,JETPUR,GEN,KORAT_SAVJIBHAI_JIVRAJBHAI,M,BJP,45.52
1998,142,JETPUR-I,GEN,RATHWA_MOHANSINH_CHOTUBHAI,M,INC,57.74
1998,158,JHAGADIA,ST,VASAVA_CHHOTUBHAI_AMARSANG,M,JD,63.36
1998,112,JHALOD,ST,MACHHAR_DITABHAI_BHIMABHAI,M,INC,53.25
1998,24,JODIYA,GEN,KASUNDRA_MAGANBHAI_AMBABHAI,M,BJP,61.56
1998,82,JOTANA,SC,ISHVARBHAI_DHANABHAI_MAKWANA,M,BJP,63.54
1998,42,JUNAGADH,GEN,MASHARU_MAHENDRABHAI_LILADHAR,M,BJP,40.9
1998,81,KADI,GEN,NITIN_RATILAL_PATEL,M,BJP,70.96
1998,27,KALAWAD,GEN,FALDU_RANCHHOD_CHANABHAI,M,BJP,53.15
1998,119,KALOL,GEN,CHAUHAN_P.P.,M,BJP,55.95
1998,80,KALOL-I,GEN,PATEL_SURESHKUMAR_CHATURDAS,M,INC,63.47
1998,71,KALUPUR,GEN,SHAIKHMOHMMAD_FARUK_H.,M,INC,60.77
1998,167,KAMREJ,ST,RATHOD_RAMANBHAI_CHHANABHAI,M,INC,64.87
1998,97,KANKREJ,GEN,VAGHELA_MAGANSINH_CHIMANSINH,M,BJP,65.9
1998,125,KAPADVANJ,GEN,BIMAL_SHAH,M,BJP,59.51
1998,153,KARJAN,SC,DABHI_CHANDUBHAI_MOTIBHAI,M,INC,63.09
1998,128,KATHLAL,GEN,ZALA_GAUTAMBHAI_JESANGBHAI,M,AIRJP,60.48
1998,36,KESHOD,SC,RATHOD_SAMATBHAI_AALABHAI,M,BJP,49.03
1998,75,KHADIA,GEN,ASHOK_BHATT,M,BJP,50.52
1998,30,KHAMBHALIA,GEN,CHAVDA_KARU_NARAN,M,BJP,52.89
1998,103,KHEDBRAHMA,ST,AMARSINH_BHILABHAI_CHAUDHARY,M,INC,62.42
1998,87,KHERALU,GEN,THAKOR_SHREE_SHANKARJI_OKHAJI,M,INC,70.82
1998,47,KODINAR,GEN,SOLANKI_DINUBHAI_BOGHABHAI,M,BJP,62.77
1998,53,KUNDLA,GEN,VIRANI_KALUBHAI_VIRJIBHAI,M,BJP,49.61
1998,33,KUTIYANA,GEN,ODEDARA_KARSHAN_DULA,M,BJP,42.05
1998,44,LATHI,GEN,BHADANI_BECHARBHAI_VIRJIBHAI,M,BJP,62.28
1998,9,LIMBDI,GEN,RANA_KIRITSINH_JEETUBHA,M,BJP,60.54
1998,113,LIMDI,ST,KISHORI_BACHUBHAI_NATHABHAI,M,INC,41.23
1998,115,LIMKHEDA,ST,PASAYA_NAGARSINH_GULABSINH,M,INC,44.36
1998,122,LUNAVADA,GEN,SOLANKI_SURPALSINH_HIMATSINH,M,INC,65.17
1998,130,MAHUDHA,GEN,THAKOR_NATVARSINH_FULSINH,M,INC,55.89
1998,54,MAHUVA,GEN,DR.KANUBHAI_KALASARIA,M,BJP,52.45
1998,165,MAHUVA-I,ST,PATEL_DEVDATTKUMAR_KIKABHAI,M,BJP,64.07
1998,41,MALIYA,GEN,SOLANKI_DEVANANDBHAI_SAMATBHAI,M,BJP,59.27
1998,35,MANAVADAR,GEN,SUREJA_RATILAL_GORDHANBHAI,M,BJP,62.38
1998,62,MANDAL,GEN,PATEL_ANANDIBEN_MAFATBHAI,F,BJP,62.79
1998,2,MANDVI,GEN,MEHTA_SURESHCHANDRA_RUPSHANKAR,M,BJP,60.42
1998,34,MANGROL,GEN,KARGATIA_BHAGVANJI_LAKHABHAI,M,BJP,52.98
1998,162,MANGROL-I,ST,CHAUDHARI_RAMANBHAI_KANSARABHAI,M,JD,55.74
1998,77,MANINAGAR,GEN,KAMLESH_PATEL,M,BJP,41.57
1998,84,MANSA,GEN,PATEL_MANGALDAS_MADHAVLAL,M,BJP,74.87
1998,137,MATAR,GEN,CHAVDA_DHIRUBHAI_AMARSING,M,INC,66.09
1998,110,MEGHRAJ,GEN,PATEL_SHIVABHAI_D.,M,INC,63.76
1998,129,MEHMEDABAD,GEN,CHAUHAN_SUNDARSINH_BHALABHAI,M,BJP,50.81
1998,83,MEHSANA,GEN,KHODABHAI_N.PATEL,M,BJP,62.83
1998,108,MODASA,GEN,PARMAR_DILIPSINH_VAKHATSINH,M,BJP,67.56
1998,13,MORVI,GEN,AMRUTIYA_KANTILAL_SHIVABHAI,M,BJP,57.07
1998,180,MOTA_PONDHA,ST,PATEL_BARAJULBHAI_NAVALABHAI,M,INC,54.14
1998,4,MUNDRA,SC,SODHAM_PARBAT_MAYABHAI,M,BJP,54.1
1998,131,NADIAD,GEN,DESAI_PANKAJKUMAR_VINUBHAI,M,BJP,53.29
1998,78,NARODA,GEN,KODNANI_MAYABEN_SURENDRABHAI,F,BJP,47.15
1998,143,NASVADI,ST,BHIL_DHIRUBHAI_CHUNILAL,M,INC,53.57
1998,174,NAVSARI,ST,PATEL_MANGUBHAI_CHHAGANBHAI,M,BJP,58.15
1998,161,NIJHAR,ST,VASAVA_PARESHBHAI_GOVINDBHAI,M,INC,57.31
1998,168,OLPAD,GEN,PATEL_DHANSUKHBHAI_NATHUBHAI,M,BJP,49.3
1998,152,PADRA,GEN,JEETSINH_SOMSINH_PARMAR,M,AIRJP,69.46
1998,100,PALANPUR,GEN,TRIVEDI_REKHABEN_HITENDRABHAI,F,BJP,60.19
1998,51,PALITANA,GEN,GOTI_KURJIBHAI_RAMJIBHAI,M,BJP,59.21
1998,181,PARDI,ST,CHANDRAVADAN_MAKANJI_PATEL,M,BJP,55.01
1998,91,PATAN,GEN,PATEL_MOHANBHAI_HIRABHAI,M,BJP,55.99
1998,135,PETLAD,GEN,PATEL_NIRANJAN_PARSOTTAMDAS,M,INC,63.26
1998,32,PORBANDAR,GEN,BOKHIRIYA_BABUBHAI_BHIMABHAI,M,BJP,53.47
1998,107,PRANTIJ,GEN,RATHOD_DIPSINH_SHANKARSINH,M,BJP,63.21
1998,94,RADHANPUR,GEN,PATEL_SHANKARBHAI_LAGDHIRBHAI,M,BJP,57.66
1998,117,RAJGADH,GEN,VAKIL_PARMAR_LAXMANSINH_MOTISINH,M,INC,51.24
1998,19,RAJKOT_RURAL,SC,BABARIYA_MADHUBHAI_HAMIRBHAI,M,BJP,44.32
1998,17,RAJKOT-I,GEN,RAMESH_DHANJIBHAI_RUPAPARA,M,BJP,46.27
1998,18,RAJKOT-II,GEN,VALA_VAJUBHAI_ROODABHAI,M,BJP,45.28
1998,160,RAJPIPLA,ST,VASAVA_PREMSINH_DEVJIBHAI,M,INC,62.65
1998,48,RAJULA,GEN,SOLANKI_HIRABHAI_ODHAVAJIBHAI,M,BJP,59.3
1998,73,RAKHIAL,GEN,JHADFIYA_GORDHANBHAI_P.,M,BJP,52.88
1998,123,RANDHIKPUR,ST,BHABHOR_JASWANTSINH_SUMANBHAI,M,BJP,59.53
1998,149,RAOPURA,GEN,YOGESH_PATEL,M,BJP,50.49
1998,6,RAPAR,GEN,DHIRUBHAI_SWARUPCHAND_SHAH,M,BJP,51.37
1998,67,SABARMATI,GEN,OZA_YATINBHAI_NARENDRAKUMAR,M,BJP,52.94
1998,93,SAMI,GEN,THAKOR_DILIPKUMAR_VIRAJIBHAI,M,BJP,64.78
1998,144,SANKHEDA,ST,BABARBHAI_AMBALAL_TADVI,M,INC,56.31
1998,111,SANTRAMPUR,GEN,DR.BHAMAT_MANSINH_VALLABHBHAI,M,INC,59.11
1998,64,SARKHEJ,GEN,AMIT_SHAH,M,BJP,45.46
1998,134,SARSA,GEN,PARMAR_GOVINDBHAI_RAIJIBHAI,M,INC,65.79
1998,146,SAVLI,GEN,CHAUHAN_KHUMANSINH_RAYSINH,M,INC,64.65
1998,148,SAYAJIGANJ,GEN,JASPALSINGH,M,BJP,49.19
1998,74,SHAHER_KOTDA,SC,MANUBHAI_PARMAR,M,INC,50.49
1998,70,SHAHPUR,GEN,KAUSHIKKUMAR_JAMNADAS_PATEL,M,BJP,55.88
1998,121,SHEHRA,GEN,BHARWAD_JETHABHAI_GHELABHAI,M,SP,59.37
1998,89,SIDHPUR,GEN,JAY_NARAYAN_VYAS,M,BJP,65.94
1998,52,SIHOR,GEN,KESHUBHAI_HIRJIBHAI_NAKARANI,M,BJP,62.15
1998,136,SOJITRA,SC,MAKWANA_BHARATKUMAR_YOGENDRABHAI,M,INC,58.02
1998,38,SOMNATH,GEN,GOHEL_CHUNILAL_KANJI,M,BJP,61.1
1998,163,SONGADH,ST,VASAVA_NAGARBHAI_DIVELIYABHAI,M,INC,54.46
1998,170,SURAT_CITY_EAST,GEN,KHASI_GULABDAS_NAGINDAS,M,BJP,48.51
1998,169,SURAT__CITY_NORTH,GEN,GAJERA_DHIRUBHAI_HARIBHAI,M,BJP,44.73
1998,171,SURAT_CITY_WEST,GEN,CHAPATWALA_HEMANTBHAI_CHAMPAKLAL,M,BJP,42.24
1998,55,TALAJA,GEN,GOHIL_SHEEVABHAI_JERAMBHAI,M,BJP,48.19
1998,37,TALALA,GEN,BARAD_JASHUBHAI_DHANABHAI,M,INC,70.13
1998,14,TANKARA,GEN,KUNDARIYA_MOHANBHAI_KALYANJIBHAI,M,BJP,63.41
1998,126,THASRA,GEN,PARMAR_RAMSINH_PRABHATBHAI,M,INC,61.78
1998,182,UMBERGAON,ST,PATKAR_RAMANLAL_NANUBHAI,M,BJP,54.86
1998,127,UMRETH,GEN,SUBHASH_S._SHELAT,M,INC,62.18
1998,39,UNA,GEN,VANSH_PUNJABHAI_BHIMABHAI,M,INC,56.52
1998,88,UNJHA,GEN,PATEL_NARAYANBHAI_LALLUDAS,M,BJP,65.53
1998,23,UPLETA,GEN,MAKADIA_PRAVINBHAI_MOHAN,M,BJP,53.43
1998,101,VADGAM,SC,DOLATBHAI_PARMAR,M,INC,62.68
1998,90,VAGDOD,GEN,DESAI_RANCHHOD_MAHIJIBHAI,M,BJP,60.74
1998,150,VAGHODIA,GEN,SHRIVASTAVA_MADHUBHAI_BABUBHAI,M,BJP,60.5
1998,155,VAGRA,GEN,PATEL_IQBAL_IBRAHIM,M,INC,67.64
1998,95,VAV,GEN,RAJPUT_HEMAJI_DARAGHAJI,M,INC,75.56
1998,85,VIJAPUR,GEN,RAVAL_NARESHKUMAR_GANGARAM,M,INC,71.28
1998,63,VIRAMGAM,GEN,PREMJIBHAI_VADLANI,M,INC,65.61
1998,40,VISAVADAR,GEN,PATEL_KESHUBHAI_SAVDAS,M,BJP,56.54
1998,86,VISNAGAR,GEN,PATEL_PRAHALADBHAI_MOHANLAL,M,BJP,73.79
1998,164,VYARA,ST,GAMIT_PRATAPBHAI_BABUBHAI,M,INC,60.32
1998,8,WADHWAN,GEN,KELA_DHANRAJBHAI_GOVINDBHAI,M,BJP,52.86
1998,15,WANKANER,GEN,KHURSHID_HAIDAR_ABDUL_MUTTLIB_PIRZADA,M,INC,64.82
2002,1,ABDASA,GEN,JADEJA_NARENDRASINH_MADHAVSINHAJ,M,BJP,71.88
2002,45,AMRELI,GEN,DHANANI_PARESHBHAI_DHIRAJLAL,M,INC,61.02
2002,133,ANAND,GEN,PATEL_DILIPBHAI_MANIBHAI,M,BJP,65.03
2002,5,ANJAR,GEN,AACHARYA_NIMABEN_BHAVESH,F,INC,52.79
2002,157,ANKLESHWAR,GEN,PATEL_ISHWARSINH_THAKORBHAI,M,BJP,69.96
2002,72,ASARWA,GEN,JADEJA_PRADIPSINH_BHAGVATSINH,M,BJP,53.6
2002,43,BABRA,GEN,UNDHAD_BAVKUBHAI_NATHABHAI,M,BJP,68.6
2002,124,BALASINOR,GEN,RAJESH_PATHAK_(PAPPU_PATHAK),M,BJP,70.6
2002,166,BARDOLI,ST,ANILKUMAR_MOHANBHAI_PATEL_(RATHOD),M,INC,62.53
2002,147,BARODA_CITY,GEN,BHUPENDRA_LAKHAWALA,M,BJP,61.24
2002,151,BARODA_RURAL,GEN,DILUBHA_CHUDASAMA,M,BJP,63.2
2002,61,BAVLA,SC,LAKUM_KANTIBHAI_RAMABHAI,M,BJP,57.3
2002,109,BAYAD,GEN,SOLANKI_RAMSINHJI_RUPSINHJI,M,INC,72.79
2002,139,BHADRAN,GEN,PARMAR_RAJENDRASINH_DHIRSINH,M,INC,65.79
2002,29,BHANVAD,GEN,MADAM_VIKRAMBHAI_ARJANBHAI,M,INC,69.72
2002,57,BHAVNAGAR_NORTH,GEN,TRIVEDI_MAHENDRABHAI_SHANTIBHAI_(MAHENDRA,M,BJP,50.34
2002,58,BHAVNAGAR_SOUTH,GEN,OZA_SUNIL_BALKRISHNABHAI,M,BJP,54.65
2002,105,BHILODA,GEN,DR._ANIL_JOSHIYARA,M,INC,63.18
2002,3,BHUJ,GEN,AHIR_SHIVJIBHAI_KARSHANBHAI,M,INC,64.26
2002,138,BORSAD,GEN,SOLANKI_BHARATBHAI_MADHAVSINH,M,INC,68.67
2002,49,BOTAD,GEN,SAURABH_PATEL,M,BJP,66.89
2002,156,BROACH,GEN,MISTRY_RAMESHBHAI_NARANDAS,M,BJP,70.09
2002,178,BULSAR,GEN,DESAI_DOLATRAI_NATHUBHAI,M,BJP,58.79
2002,140,CAMBAY,GEN,SHUKAL_SHIRISHKUMAR_MADHUSUDAN,M,BJP,65.62
2002,132,CHAKALASI,GEN,VAGHELA_SHANKERBHAI_DESAIBHAI,M,INC,66.68
2002,92,CHANASMA,GEN,DESAI_MALAJIBHAI_DEVAJIBHAI,M,INC,72.7
2002,141,CHHOTA_UDAIPUR,ST,RATHWA_SHANKARBHAI_VICHHIYABHAI,M,BJP,60.39
2002,176,CHIKHLI,ST,BHARTIBEN_NARDEVBHAI_PATEL,F,INC,67.03
2002,172,CHORASI,GEN,NAROTTAMBHAI_PATEL,M,BJP,35.67
2002,10,CHOTILA,GEN,JINJARIYA_POPATBHAI_SAVSIBHAI,M,IND,55.15
2002,145,DABHOI,GEN,PATEL_CHANDRAKANT_MOTIBHAI_(PROF._C._M._PATEL),M,BJP,69.86
2002,177,DANGS-BANSDA,ST,BHOYE_MADHUBHAI_JELIYABHAI,M,INC,55.91
2002,102,DANTA,GEN,GADHVI_MUKESHKUMAR_BHAIRAVDANJI,M,INC,65.65
2002,69,DARIAPUR-KAZIPUR,GEN,BAROT_BHARATKUMAR_CHIMANLAL_(BHARAT_BAROT),M,BJP,53.22
2002,7,DASADA,SC,MAKWANA_MANAHARLAL_MAGANLAL,M,INC,66.28
2002,65,DASKROI,GEN,PATEL_BABUBHAI_JAMNADAS,M,BJP,60.23
2002,159,DEDIAPADA,ST,MAHESHBHAI_CHHOTUBHAI_VASAVA,M,JD(U),67.63
2002,98,DEESA,GEN,RABARI_GOVABHAI_HAMIRABHAI,M,INC,70.57
2002,66,DEHGAM,GEN,JAGDISH_THAKOR,M,INC,67.52
2002,96,DEODAR,GEN,PATEL_BHEMABHAI_RAMSINGBHAI,M,IND,72.87
2002,116,DEVGADH_BARIA,GEN,BACHUBHAI_KHABAD,M,BJP,67.05
2002,59,DHANDHUKA,GEN,BHARATBHAI_BALDEVBHAI_PANDYA,M,BJP,56.97
2002,99,DHANERA,GEN,PATEL_HARJIVANBHAI_HIRABHAI,M,BJP,68.01
2002,179,DHARAMPUR,ST,KISHANBHAI_VESTABHAI_PATEL,M,INC,67.98
2002,46,DHARI,GEN,BALUBHAI_JIVRAJBHAI_TANTI,M,BJP,58.2
2002,60,DHOLKA,GEN,CHUDASAMA_BHUPENDRASINH,M,BJP,62.61
2002,22,DHORAJI,GEN,RADADIYA_VITHALBHAI_HANSRAJBHAI,M,INC,66.59
2002,12,DHRANGADHRA,GEN,INDRAVIJAYSINH_(I.K.)_JADEJA,M,BJP,71.16
2002,114,DOHAD,ST,DAMOR_TERSINHBHAI_BADIYABHAI,M,BJP,52.37
2002,31,DWARKA,GEN,MANEK_PABUBHA_VIRAMBHA,M,INC,61.39
2002,68,ELLIS_BRIDGE,GEN,SHETH_BHAVINBHAI_NALINIBHAI_(ENGINEER),M,BJP,48.46
2002,50,GADHADA,SC,MARU_PRAVINBHAI_TIDABHAI,M,INC,58.42
2002,175,GANDEVI,GEN,KARSANBHAI_BHIKHABHAI_PATEL,M,BJP,65.41
2002,79,GANDHINAGAR,GEN,DR._C._J._CHAVDA,M,INC,61.38
2002,56,GHOGHO,GEN,SOLANKI_PARSOTTAM_O.,M,BJP,56.57
2002,120,GODHRA,GEN,BHATT_HARESHKUMAR_INDUPRASAD,M,BJP,68.52
2002,20,GONDAL,GEN,JAYRAJSINH_TEMUBHA_JADEJA,M,BJP,60.79
2002,118,HALOL,GEN,PARMAR_JAYADRATHSINHJEE_CHANDRASINHJEE,M,BJP,69.25
2002,11,HALVAD,GEN,KAVADIYA_JAYANTILAL_RAMJIBHAI,M,BJP,72.52
2002,106,HIMATNAGAR,GEN,CHAVADA_RANJITSINH_NARSINH,M,BJP,67.35
2002,104,IDAR,SC,VORA_RAMANLAL_ISHWARLAL,M,BJP,70.04
2002,173,JALALPORE,GEN,R.C._PATEL,M,BJP,62.5
2002,76,JAMALPUR,GEN,DEVADIWALA_USMANGANI_ISMAILBHAI,M,INC,60.06
2002,154,JAMBUSAR,GEN,MORI_CHHATRASINH_PUJABHAI,M,BJP,69.31
2002,28,JAMJODHPUR,GEN,CHIMANLAL_DHARAMSINHBHAI_SAPARIA,M,BJP,70.78
2002,25,JAMNAGAR,GEN,TRIVEDI_VASUBEN_NARENDRA,F,BJP,49.85
2002,26,JAMNAGAR_RURAL,SC,DR._DINESH_PARMAR,M,INC,44.45
2002,16,JASDAN,GEN,KUNVARJIBHAI_MOHANBHAI_BAVALIYA,M,INC,77.56
2002,21,JETPUR,GEN,KORAT_JASHUBEN_SAVAJIBHAI,F,BJP,60.44
2002,142,JETPUR-I,GEN,BARIA_VECHATBHAI_HAMIRBHAI,M,BJP,67.98
2002,158,JHAGADIA,ST,VASAVA_CHHOTUBHAI,M,JD(U),69.12
2002,112,JHALOD,ST,KATARA_BHURABHAI_JETABHAI,M,BJP,55.28
2002,24,JODIYA,GEN,BHOJANI_PARSOTAMBHAI_NANJIBHAI,M,BJP,69.4
2002,82,JOTANA,SC,ISHWARBHAI_DHANABHAI_MAKWANA,M,BJP,67.24
2002,42,JUNAGADH,GEN,MASHROO_MAHENDRA_LILADHAR,M,BJP,49.39
2002,81,KADI,GEN,THAKOR_BALDEVJI_CHANDUJI,M,INC,79.38
2002,27,KALAWAD,GEN,FALDU_RANCHHODBHAI_CHANABHAI_(R.C._FALDU),M,BJP,64.69
2002,119,KALOL,GEN,CHAUHAN_PRABHATSINH_PRATAPSINH,M,BJP,73.07
2002,80,KALOL-I,GEN,DR._ATUL_K._PATEL,M,BJP,68.41
2002,71,KALUPUR,GEN,SHAIKH_MOHAMMED_FAROOQ_HUSAINMIYA_(FAROOQ,M,INC,74.98
2002,167,KAMREJ,ST,RATHOD_PRAVINBHAI_CHHAGANBHAI,M,BJP,64.96
2002,97,KANKREJ,GEN,KHANPURA_DHARSHIBHAI_LAKHABHAI,M,INC,61.9
2002,125,KAPADVANJ,GEN,SHAH_BIMAL_KUMAR_KAYANTILAL,M,BJP,68.5
2002,153,KARJAN,SC,KANODIA_NARESHKUMAR_MITHALAL,M,BJP,74.69
2002,128,KATHLAL,GEN,ZALA_GAUTAMBHAI_JESANGBHAI,M,INC,62.04
2002,36,KESHOD,SC,BORICHA_MADHABHAI_LAKHABHAI,M,BJP,61.93
2002,75,KHADIA,GEN,ASHOK_BHATT,M,BJP,65.46
2002,30,KHAMBHALIA,GEN,CHAVADA_KARUBHAI_NARAN,M,BJP,56.31
2002,103,KHEDBRAHMA,ST,AMARSINH_BHILABHAI_CHAUDHARI,M,INC,67.5
2002,87,KHERALU,GEN,DESAI_RAMILABEN_RAMBHAI,F,BJP,73.85
2002,47,KODINAR,GEN,SOLANKI_DINUBHAI_BOGHABHAI,M,BJP,66.91
2002,53,KUNDLA,GEN,KALUBHAI_VIRANI,M,BJP,55.96
2002,33,KUTIYANA,GEN,ODEDARA_KARSHANBHAI_DULABHAI,M,BJP,56.89
2002,44,LATHI,GEN,BHECHARBHAI_BHADANI,M,BJP,61.15
2002,9,LIMBDI,GEN,BHARVAD_BHAVANBHAI_JIVANBHAI,M,INC,66.74
2002,113,LIMDI,ST,BHURIYA_MAHESHBHAI_SOMJIBHAI,M,BJP,51.61
2002,115,LIMKHEDA,ST,BABUBHAI_SONIYABHAI_BHABHOR,M,BJP,53.13
2002,122,LUNAVADA,GEN,MALIWAD_KALUBHAI_HIRABHAI,M,BJP,65.37
2002,130,MAHUDHA,GEN,THAKOR_NATVARSINH_FULSINH,M,INC,63.79
2002,54,MAHUVA,GEN,DR._KANUBHAI_VALABHAI_KALSARIYA,M,BJP,47.52
2002,165,MAHUVA-I,ST,DHODIYA_MOHANBHAI_DHANJIBHAI,M,BJP,59.64
2002,41,MALIYA,GEN,JOSHI_BHIKHABHAI_GALABHAI,M,INC,64.21
2002,35,MANAVADAR,GEN,SUREJA_RATEEBHAI_GORDHANBHAI,M,BJP,66.42
2002,62,MANDAL,GEN,PATEL_PRAGJIBHAI_NARANBHAI,M,BJP,60.42
2002,2,MANDVI,GEN,PATEL_CHHABILBHAI_NARANBHAI,M,INC,64.5
2002,34,MANGROL,GEN,DR._CHUDASAMA_CHANDRIKABEN_KANJIBHAI,F,INC,67.84
2002,162,MANGROL-I,ST,VASAVA_GANPATBHAI_VESTABHAI,M,BJP,68.24
2002,77,MANINAGAR,GEN,NARENDRA_MODI,M,BJP,50.19
2002,84,MANSA,GEN,PRO._MANGALBHAI_PATEL,M,BJP,66.57
2002,137,MATAR,GEN,RAKESH_RAO_ADVOCATE,M,BJP,68.27
2002,110,MEGHRAJ,GEN,PARMAR_BHIKHIBEN_GIRVATSINH,F,BJP,64.82
2002,129,MEHMEDABAD,GEN,CHAUHAN_SUNDARSINH_BHALABHAI,M,BJP,58.96
2002,83,MEHSANA,GEN,ANILBHAI_TRIBHOVANDAS_PATEL_(APOLLO_GROUP),M,BJP,63.91
2002,108,MODASA,GEN,PARMAR_DILIPSINH_VAKHATSINH,M,BJP,69.06
2002,13,MORVI,GEN,AMRUTIYA_KANTILAL_SHIVABHAI,M,BJP,62.44
2002,180,MOTA_PONDHA,ST,CHAUDHARI_JITUBHAI_HARJIBHAI,M,INC,65.69
2002,4,MUNDRA,SC,DHUA_GOPALBHAI_GABHABHAI,M,BJP,58.39
2002,131,NADIAD,GEN,DESAI_PANKAJKUMAR_VINUBHAI_(GOTIYO),M,BJP,65.35
2002,78,NARODA,GEN,KODNANI_MAYABEN_SURENDRABHAI,F,BJP,49.58
2002,143,NASVADI,ST,BHIL_KANTIBHAI_TRIKAMBHAI,M,BJP,59.85
2002,174,NAVSARI,ST,PATEL_MANGUBHAI_CHHAGANBHAI,M,BJP,60.83
2002,161,NIJHAR,ST,VASAVA_PARESHBHAI_GOVINDBHAI,M,INC,64.58
2002,168,OLPAD,GEN,PATEL_DHANSUKHBHAI_NATHUBHAI,M,BJP,47.83
2002,152,PADRA,GEN,POONAM_PARMAR_(POONAM_RANCHHODSINH_PARMAR),M,BJP,72.28
2002,100,PALANPUR,GEN,KACHORIYA_KANTILAL_DHARAMDAS,M,BJP,63.38
2002,51,PALITANA,GEN,MANDAVIYA_MANSUKHBHAI_LAXMANBHAI,M,BJP,57.62
2002,181,PARDI,ST,PATEL_LAXMANBHAI_BABUBHAI,M,INC,60.03
2002,91,PATAN,GEN,ANANDIBEN_PATEL,F,BJP,58.26
2002,135,PETLAD,GEN,CHANDRAKANT_DAHYABHAI_PATEL_(C.D._PATEL),M,BJP,72.5
2002,32,PORBANDAR,GEN,ARJUNBHAI_DEVABHAI_MODHAVADIYA,M,INC,58.91
2002,107,PRANTIJ,GEN,RATHOD_DEEPSINH_SHANKARSINH,M,BJP,66.82
2002,94,RADHANPUR,GEN,CHAUDHARY_SHANKARBHAI_LAGDHIRBHAI,M,BJP,68.22
2002,117,RAJGADH,GEN,CHAUHAN_FATESINH_VAKHATSINH,M,BJP,61.22
2002,19,RAJKOT_RURAL,SC,PARMAR_SIDDHARTH_MAYARAM,M,BJP,50.6
2002,17,RAJKOT-I,GEN,TAPUBHAI_LIMBASIYA,M,BJP,50.23
2002,18,RAJKOT-II,GEN,VAJUBHAI_VALA,M,BJP,49.46
2002,160,RAJPIPLA,ST,VASAVA_HARSHADBHAI_CHUNILAL,M,BJP,68.54
2002,48,RAJULA,GEN,SOLANKI_HIRABHAI_ODHAVJIBHAI,M,BJP,59.3
2002,73,RAKHIAL,GEN,ZADAFIA_GORDHANBHAI_PRAGJIBHAI,M,BJP,63.74
2002,123,RANDHIKPUR,ST,JASVANTSINH_SUMANBHAI_BHABHOR,M,BJP,67.53
2002,149,RAOPURA,GEN,YOGESH_PATEL,M,BJP,57.58
2002,6,RAPAR,GEN,BABUBHAI_MEGHJI_SHAH,M,INC,62.07
2002,67,SABARMATI,GEN,PATEL_JITENDRABHAI_BABUBHAI_(DR._JITUBHAI_PATEL),M,BJP,55.45
2002,93,SAMI,GEN,THAKOR_DILIPKUMAR_VIRAJIBHAI,M,BJP,69.05
2002,144,SANKHEDA,ST,TADVI_KANTIBHAI_BHAIJIBHAI,M,BJP,64.93
2002,111,SANTRAMPUR,GEN,PANDYA_PRABODHKANT_DAMODAR,M,BJP,66.48
2002,64,SARKHEJ,GEN,AMITBHAI_ANILCHANDRA_SHAH_(AMIT_SHAH),M,BJP,51.31
2002,134,SARSA,GEN,SOLANKI_JASVANTSINHJI_AMARSINHJI_(JASUBHA),M,BJP,69.55
2002,146,SAVLI,GEN,UPENDRASINHJI_PRATAPSINHJI_GOHIL_(BAPU),M,BJP,69.19
2002,148,SAYAJIGANJ,GEN,JITENDRA_SUKHADIA,M,BJP,58.01
2002,74,SHAHER_KOTDA,SC,VAGHELA_JITENDRAKUMAR_UMAKANT,M,BJP,60.43
2002,70,SHAHPUR,GEN,PATEL_KAUSHIKKUMAR_JAMNADAS_(KAUSHIK_PATEL),M,BJP,66.73
2002,121,SHEHRA,GEN,AHIR_(BHARWAD)_JETHABHAI_GHELABHAI,M,BJP,67.4
2002,89,SIDHPUR,GEN,BALVANTSINH_CHANDANSINH_RAJPUT,M,INC,75.03
2002,52,SIHOR,GEN,NAKARANI_KESHUBHAI_HIRAJIBHAI,M,BJP,59.98
2002,136,SOJITRA,SC,AMBALAL_ASHABHAI_ROHIT,M,BJP,67.82
2002,38,SOMNATH,GEN,BARAD_JESABHAI_BHANABHAI,M,INC,65.81
2002,163,SONGADH,ST,VASAVA_NAGARBHAI_DIVELIYABHAI,M,INC,64.63
2002,170,SURAT_CITY_EAST,GEN,GILITWALA_MANISH_NATVARLAL,M,INC,48.68
2002,169,SURAT__CITY_NORTH,GEN,GEJERA_DHIRUBHAI_HARIBHAI,M,BJP,52.2
2002,171,SURAT_CITY_WEST,GEN,CHAPATWALA_BHAVNABEN_HEMANTBHAI,F,BJP,38.65
2002,55,TALAJA,GEN,GOHIL_SHIVABHAI_JERAMBHAI,M,BJP,46.04
2002,37,TALALA,GEN,PARAMAR_GOVINDBHAI_VARJANGBHAI,M,BJP,74.62
2002,14,TANKARA,GEN,KUNDARIYA_MOHANBHAI_KALYANJI,M,BJP,67.91
2002,126,THASRA,GEN,CHAUHAN_BHAGVANSINH_RAYSINH,M,BJP,65.63
2002,182,UMBERGAON,ST,SHANKARBHAI_MANGLABHAI_VARLI,M,INC,55.81
2002,127,UMRETH,GEN,PATEL_VISHNUBHAI_CHHOTABHAI,M,BJP,71.68
2002,39,UNA,GEN,VANSH_PUNJABHAI_BHIMABHAI,M,INC,64.94
2002,88,UNJHA,GEN,PATEL_NARAYANBHAI_LALLUBHAI,M,BJP,64.67
2002,23,UPLETA,GEN,PRAVINBHAI_MOHANBHAI_MAKADIA,M,BJP,60.82
2002,101,VADGAM,SC,DOLAT_BHAI_PARMAR,M,INC,68.29
2002,90,VAGDOD,GEN,THAKOR_JODHAJI_GALABJI,M,INC,61.94
2002,150,VAGHODIA,GEN,MADHUBHAI_SHRIVASTAV,M,BJP,64.29
2002,155,VAGRA,GEN,RASHIDA_IQBAL_PATEL,F,INC,74.92
2002,95,VAV,GEN,RAJPUT_HEMAJI_DARGHAJI,M,INC,69.6
2002,85,VIJAPUR,GEN,PATEL_KANTIBHAI_RAMABHAI,M,BJP,70.81
2002,63,VIRAMGAM,GEN,DODIYA_VAJUBHAI_PARMABHAI,M,BJP,67.11
2002,40,VISAVADAR,GEN,BHALALA_KANUBHAI_MEPABHAI,M,BJP,61.58
2002,86,VISNAGAR,GEN,PATEL_PRAHLADBHAI_MOHANLAL,M,BJP,70.51
2002,164,VYARA,ST,CHAUDHARY_TUSHARBHAI_AMARSINHBHAI,M,INC,65.79
2002,8,WADHWAN,GEN,KELA_DHANRAJBHAI_GOVINDBHAI,M,BJP,60.92
2002,15,WANKANER,GEN,SOMANI_JYOTSANABEN_JITENDRABHAI,F,BJP,73.16
2007,1,ABDASA,GEN,JAYANTILAL_PARSOTTAM_BHANUSHALI,M,BJP,64.12
2007,45,AMRELI,GEN,DILEEP_SANGHANI,M,BJP,61.75
2007,133,ANAND,GEN,PATEL_JYOTSNABEN_RAJUBHAI,F,BJP,63.25
2007,5,ANJAR,GEN,AACHARYA_NIMABEN_BHAVESH,F,BJP,54.71
2007,157,ANKLESHWAR,GEN,PATEL_ISHWARSINH_THAKORBHAI,M,BJP,67.08
2007,72,ASARWA,GEN,PRADIPSINH_BHAGVATSINH_JADEJA,M,BJP,56.84
2007,43,BABRA,GEN,UNDHAD_BAVAKUBHAI_NATHABHAI,M,INC,64.65
2007,124,BALASINOR,GEN,CHAUHAN_MANSINH_KOHYABHAI,M,INC,65.03
2007,166,BARDOLI,ST,HALPATI_KUVARJIBHAI_NARSINHBHAI,M,INC,66.35
2007,147,BARODA_CITY,GEN,LAKHAWALA_BHUPENDRABHAI_GATULAL,M,BJP,54.53
2007,151,BARODA_RURAL,GEN,GOHIL_UPENDRASINH_PRATAPSINH,M,BJP,59.61
2007,61,BAVLA,SC,LAKUM_KANTILAL_RAMABHAI,M,BJP,56.71
2007,109,BAYAD,GEN,ZALA_UDESINH_PUNJAJI,M,BJP,54.73
2007,139,BHADRAN,GEN,PARMAR_RAJENDRASINH_DHIRSINH,M,INC,61.83
2007,29,BHANVAD,GEN,AYAR_BERA_MULUBHAI_HARDASBHAI,M,BJP,58.56
2007,57,BHAVNAGAR_NORTH,GEN,DAVE_VIBHAVARIBEN_VIJAYBHAI_(VIBHABEN_DAVE),F,BJP,50.96
2007,58,BHAVNAGAR_SOUTH,GEN,GOHIL_SHAKTISINH_HARICHANDRASINH,M,INC,62.82
2007,105,BHILODA,ST,ANIL_JOSHIYARA,M,INC,62.01
2007,3,BHUJ,GEN,AHIR_VASANBHAI_GOPALBHAI,M,BJP,62
2007,138,BORSAD,GEN,AMITKUMAR_AJITKUMAR_CHAVDA,M,INC,64.41
2007,49,BOTAD,GEN,SAURABH_PATEL,M,BJP,69
2007,156,BROACH,GEN,DUSHYANTBHAI_RAJNIKANT_PATEL,M,BJP,62.97
2007,178,BULSAR,GEN,DESAI_DOLATRAI_NATHUBHAI,M,BJP,59.64
2007,140,CAMBAY,GEN,SHUKAL_SHIRISHKUMAR_MADHUSUDAN,M,BJP,60.62
2007,132,CHAKALASI,GEN,VAGHELA_SHANKARBHAI_DESAIBHAI,M,INC,60.06
2007,92,CHANASMA,GEN,PATEL_RAJNIKANT_SOMABHAI,M,BJP,67.07
2007,141,CHHOTA_UDAIPUR,ST,GULSINGHBHAI_RANGALABHAI_RATHVA,M,BJP,51.1
2007,176,CHIKHLI,ST,PATEL_NARESHBHAI_MAGANBHAI,M,BJP,68.95
2007,172,CHORASI,GEN,NAROTTAMBHAI_PATEL,M,BJP,53.42
2007,10,CHOTILA,GEN,JINJARIYA_POPATBHAI_SAVSIBHAI,M,INC,51.18
2007,145,DABHOI,GEN,SIDDHARTH_CHIMANBHAI_PATEL,M,INC,70.45
2007,177,DANGS-BANSDA,ST,PATEL_VIJAYBHAI_RAMESHBHAI,M,BJP,58.87
2007,102,DANTA,GEN,GADHAVI_MUKESHKUMAR_BHERAVDANJI,M,INC,60.46
2007,69,DARIAPUR-KAZIPUR,GEN,BAROT_BHARATKUMAR_CHIMANLAL_(BHARAT_BAROT),M,BJP,57.78
2007,7,DASADA,SC,TUNDIYA_SHAMBHUPRASAD_BALDEVDASJI,M,BJP,52.31
2007,65,DASKROI,GEN,PATEL_BABUBHAI_JAMNADAS_(BJP),M,BJP,56.87
2007,159,DEDIAPADA,ST,VASAVA_AMARSINH_RAMSINH,M,INC,70.81
2007,98,DEESA,GEN,VAGHELA_LILADHARBHAI_KHODAJI,M,BJP,63.28
2007,66,DEHGAM,GEN,THAKOR_JAGDISHBHAI_MOTIJI,M,INC,64.57
2007,96,DEODAR,GEN,MALI_ANILKUMAR_AMRUTLAL,M,BJP,65.57
2007,116,DEVGADH_BARIA,GEN,MAHARAUL_TUSHARSINH_KANAKSINH,M,NCP,60.85
2007,59,DHANDHUKA,GEN,MER_RANCHHODBHAI_KARSHANBHAI,M,IND,57.54
2007,99,DHANERA,GEN,PUROHIT_MAFATLAL_MOTIRAM,M,BJP,62.78
2007,179,DHARAMPUR,ST,CHAUDHARI_CHHANABHAI_KOLUBHAI,M,INC,66.99
2007,46,DHARI,GEN,BHUVA_MANSUKHBHAI_PANCHABHAI,M,BJP,56.41
2007,60,DHOLKA,GEN,TALPADA_KANJIBHAI_RAYABHAI,M,INC,34.76
2007,22,DHORAJI,GEN,RADADIYA_VITTHALBHAI_HANSRAJBHAI,M,INC,61.67
2007,12,DHRANGADHRA,GEN,PATEL_HARILAL_MOHANLAL,M,INC,73.89
2007,114,DOHAD,ST,PANADA_VAJESINGBHAI_PARSINGBHAI,M,INC,48.19
2007,31,DWARKA,GEN,MANEK_PABUBHA_VIRAMBHA,M,BJP,46.26
2007,68,ELLIS_BRIDGE,GEN,RAKESH_SHAH,M,BJP,58.25
2007,50,GADHADA,SC,PARMAR_ATMARAM_MAKANBHAI,M,BJP,59.2
2007,175,GANDEVI,GEN,PATEL_LAXMANBHAI_PARSOTTAMBHAI,M,BJP,63.1
2007,79,GANDHINAGAR,GEN,THAKOR_SHAMBHUJI_CHELAJI,M,BJP,9.92
2007,56,GHOGHO,GEN,PARSHOTTAMBHAI_ODHAVJIBHAI_SOLANKI,M,BJP,58.84
2007,120,GODHRA,GEN,C.K._RAULJI,M,INC,57.68
2007,20,GONDAL,GEN,VAGHASIYA_CHANDUBHAI_BACHUBHAI,M,NCP,61.29
2007,118,HALOL,GEN,PARMAR_JAYDRATHSINHJI_CHANDRASINHJI,M,BJP,63.59
2007,11,HALVAD,GEN,DEVJIBHAI_GOVINDBHAI_FATEPARA,M,INC,68.38
2007,106,HIMATNAGAR,GEN,PATEL_PRAFULLBHAI_KHODABHAI,M,BJP,67.37
2007,104,IDAR,SC,VORA_RAMANLAL_ISHVARLAL,M,BJP,66.94
2007,173,JALALPORE,GEN,R.C._PATEL,M,BJP,62.23
2007,76,JAMALPUR,GEN,KHEDAWALA_SABIRBHAI_ABDULKARIM_(SABIRBHAI_KABLIWALA),M,INC,58.98
2007,154,JAMBUSAR,GEN,KIRANKUMAR_LAKSHMANBHAI_MAKWANA,M,INC,57.31
2007,28,JAMJODHPUR,GEN,JADEJA_BRIJRAJSINH_HEMATSINH,M,INC,69.94
2007,25,JAMNAGAR,GEN,PROF._VASUBEN_TRIVEDI,F,BJP,52.18
2007,26,JAMNAGAR_RURAL,SC,LALJIBHAI_PREMJIBHAI_SOLANKI,M,BJP,47.3
2007,16,JASDAN,GEN,BAVALIYA_KUNVARJIBHAI_MOHANBHAI,M,INC,62.09
2007,21,JETPUR,GEN,KORAT_JASHUBEN_SAVJIBHAI,F,BJP,59.97
2007,142,JETPUR-I,ST,MOHANSINH_CHHOTUBHAI_RATHAVA,M,INC,59.15
2007,158,JHAGADIA,ST,VASAVA_CHHOTUBHAI_AMARASINHBHAI,M,JD(U),66.92
2007,112,JHALOD,ST,MACHHAR_DITABHAI_BHIMABHAI,M,INC,48.18
2007,24,JODIYA,GEN,PATEL_RAGHAVJIBHAI_HANSRAJBHAI,M,INC,70.68
2007,82,JOTANA,SC,PARMAR_JASHODABEN_CHATURBHAI,F,BJP,61.95
2007,42,JUNAGADH,GEN,MASHRU_MAHENDRABHAI_LILADHARBHAI,M,BJP,51.55
2007,81,KADI,GEN,PATEL_NITINKUMAR_RATILAL,M,BJP,73.14
2007,27,KALAWAD,GEN,FALDU_RANCHHODBHAI_CHANABHAI_(R.C.FALDU),M,BJP,58
2007,119,KALOL,GEN,RATHOD_ARVINDSINH_DAMSINH,M,BJP,54.27
2007,80,KALOL-I,GEN,PATEL_SURESHKUMAR_CHATURDAS,M,INC,65.62
2007,71,KALUPUR,GEN,SHAIKH_MOHAMMAD_FARUK_HUSSAINMIYA_(FARUK_SHAIKH),M,INC,64.64
2007,167,KAMREJ,ST,RATHOD_BHARTIBEN_AMRUTBHAI,F,BJP,6.8
2007,97,KANKREJ,GEN,DESAI_BABUBHAI_JESANGBHAI,M,BJP,58.03
2007,125,KAPADVANJ,GEN,PATEL_MANIBHAI_DEVJIBHAI,M,INC,66.67
2007,153,KARJAN,SC,DABHI_CHANDUBHAI_MOTIBHAI,M,INC,65.93
2007,128,KATHLAL,GEN,ZALA_GAUTAMBHAI_JESANGBHAI,M,INC,58.78
2007,36,KESHOD,SC,MAKWANA_VANDNABEN_MANSHUKHBHAI,F,BJP,55.23
2007,75,KHADIA,GEN,ASHOK_BHATT,M,BJP,58.77
2007,30,KHAMBHALIA,GEN,KANZARIYA_MEGHJI_DAYA,M,BJP,54.27
2007,103,KHEDBRAHMA,ST,ASHWIN_KOTVAL,M,INC,56.25
2007,87,KHERALU,GEN,DABHI_BHARATSINHJI_SHANKARJI,M,BJP,62.24
2007,47,KODINAR,GEN,SOLANKI_DINUBHAI_BOGHABHAI,M,BJP,67.53
2007,53,KUNDLA,GEN,KALUBHAI_VIRANI,M,BJP,57.18
2007,33,KUTIYANA,GEN,ODEDARA_KARSANBHAI_DULABHAI,M,BJP,51.73
2007,44,LATHI,GEN,DHORAJIYA_HANUBHAI_(BHABHA),M,BJP,58.55
2007,9,LIMBDI,GEN,RANA_KIRITSINH_JEETUBHA,M,BJP,59.9
2007,113,LIMDI,ST,KISHORI_BACHUBHAI_NATHABHAI,M,INC,48.91
2007,115,LIMKHEDA,ST,SMR._BARIYA_CHANDRIKABEN_CHHAGANBHAI,F,INC,42.78
2007,122,LUNAVADA,GEN,PATEL_HIRABHAI_HARIBHAI,M,INC,51.36
2007,130,MAHUDHA,GEN,NATVARSINH_FULSINH_THAKOR,M,INC,55.89
2007,54,MAHUVA,GEN,BAMBHANIYA_JAYANTIBHAI_BABUBHAI,M,BJNKP,13.67
2007,165,MAHUVA-I,ST,ISHAWARBHAI_NARSINHBHAI_VAHIA,M,INC,67.45
2007,41,MALIYA,GEN,RAJANI_LAVAJIBHAI_THAKARSHIBHAI,M,BJP,58.64
2007,35,MANAVADAR,GEN,CHAVADA_JAWAHARBHAI_PETHLJIBHAI,M,INC,67.21
2007,62,MANDAL,GEN,PATEL_PRAGJIBHAI_NARANBHAI,M,BJP,54.71
2007,2,MANDVI,GEN,SENGHANI_DHANJIBHAI_(ALIAS_MANGAL)_GOVINDBHAI,M,BJP,61.36
2007,34,MANGROL,GEN,KARGATIYA_BHAGVANVANJIBHAI_LAKHABHAI,M,BJP,59.78
2007,162,MANGROL-I,ST,VASAVA_GANPATSINH_VESTABHAI,M,BJP,69.41
2007,77,MANINAGAR,GEN,NARENDRA_MODI,M,BJP,60.93
2007,84,MANSA,GEN,PRO.PATEL_MAGALDAS_MADHAVALAL,M,BJP,64.26
2007,137,MATAR,GEN,CHAUHAN_DEVUSINH_JESINGBHAI,M,BJP,63.31
2007,110,MEGHRAJ,GEN,VAGHELA_MAHENDRASINH_SHANKARSINH,M,INC,58.2
2007,129,MEHMEDABAD,GEN,CHAUHAN_SUNDARSINH_BHALABHAI,M,BJP,59.41
2007,83,MEHSANA,GEN,PATEL_ANILKUMAR_TRIBHOVANDAS,M,BJP,62.64
2007,108,MODASA,GEN,PARMAR_DILIPSIHJI_VAKHATSIHJI,M,BJP,60.37
2007,13,MORVI,GEN,AMRUTIYA_KANTILAL_SHIVLAL,M,BJP,68.61
2007,180,MOTA_PONDHA,ST,CHAUDHARY_JITUBHAI_HIRJIBHAI,M,INC,70.67
2007,4,MUNDRA,SC,MAHESHWARI_RAMESH_VACHCHHRAJ,M,BJP,60.24
2007,131,NADIAD,GEN,DESAI_PANKAJKUMAR_VINUBHAI_(GOTIYO),M,BJP,65.81
2007,78,NARODA,GEN,DR._KODNANI_MAYA_SURENDRAKUMAR_(DR._MAYA_KODNANI),F,BJP,55.79
2007,143,NASVADI,ST,BHIL_DHIRUBHAI_CHUNILAL,M,INC,57.72
2007,174,NAVSARI,ST,PATEL_MANGUBHAI_CHHAGANBHAI,M,BJP,64.48
2007,161,NIJHAR,ST,PARESHBHAI_GOVINDBHAI_VASAVA,M,INC,65.65
2007,168,OLPAD,GEN,PATEL_KIRITBHAI_GANGARAMBHAI,M,BJP,52.16
2007,152,PADRA,GEN,DINESHBHAI_B_PATEL_(DINU_MAMA),M,IND,64.47
2007,100,PALANPUR,GEN,PRAJAPATI_GOVINDBHAI_MADHAVLAL,M,BJP,59.85
2007,51,PALITANA,GEN,SARVAIYA_MAHENDRASINH_PARAKRAMSINH,M,BJP,58.37
2007,181,PARDI,ST,PATEL_USHABEN_GIRISHKUMAR,F,BJP,61.74
2007,91,PATAN,GEN,PATEL_ANANDIBEN_MAFATBHAI,F,BJP,66.06
2007,135,PETLAD,GEN,NIRANJAN_PATEL,M,INC,66.23
2007,32,PORBANDAR,GEN,MODHWADIYA_ARJUNBHAI_DEVABHAI,M,INC,61.6
2007,107,PRANTIJ,GEN,CHAUHAN_JAYSINHJI_MANSINHJI,M,BJP,63.41
2007,94,RADHANPUR,GEN,CHAUDHARI_SHANKARBHAI_LAGDHIRBHAI,M,BJP,66.5
2007,117,RAJGADH,GEN,CHAUHAN_FATESINH_VAKHATSINH,M,BJP,55.02
2007,19,RAJKOT_RURAL,SC,BHANUBEN_MANOHARBHAI_BABARIYA,F,BJP,48.23
2007,17,RAJKOT-I,GEN,GOVINDBHAI_UKABHAI_PATEL,M,BJP,52.71
2007,18,RAJKOT-II,GEN,VAJUBHAI_VALA,M,BJP,52.56
2007,160,RAJPIPLA,ST,HARSHADBHAI_CHUNILAL_VASAVA,M,BJP,68.08
2007,48,RAJULA,GEN,SOLANKI_HIRABHAI_ODHAVJIBHAI,M,BJP,57.94
2007,73,RAKHIAL,GEN,KAKADIYA_VALLABHBHAI_GOBARBHAI_(VALLABHBHAI_HIRAWALA),M,BJP,61.75
2007,123,RANDHIKPUR,ST,JASVANTSINH_SUMANBHAI_BHABHOR,M,BJP,53.54
2007,149,RAOPURA,GEN,YOGESH_PATEL,M,BJP,54.6
2007,6,RAPAR,GEN,BABUBHAI_MEGHJI_SHAH,M,INC,52.06
2007,67,SABARMATI,GEN,PATEL_GITABEN_YOGESHBHAI,F,BJP,55.91
2007,93,SAMI,GEN,RATHOD_BHAVSINHBHAI_DAHYABHAI,M,INC,61.47
2007,144,SANKHEDA,ST,TADVI_ABHESINH_MOTIBHAI,M,BJP,60.28
2007,111,SANTRAMPUR,GEN,PARMAR_PARANJAYADITYASINHJI_KRISHNAKUMARSINHJI,M,INC,55.5
2007,64,SARKHEJ,GEN,AMIT_SHAH,M,BJP,58.45
2007,134,SARSA,GEN,JAYANTBHAI_RAMANBHAI_PATEL_(BOSKEY),M,NCP,66.17
2007,146,SAVLI,GEN,CHAUHAN_KHUMANSINH_RAYSINH,M,INC,64.3
2007,148,SAYAJIGANJ,GEN,JITENDRA_SUKHADIYA,M,BJP,54.25
2007,74,SHAHER_KOTDA,SC,PARMAR_SHAILESH_MANHARBHAI,M,INC,35.54
2007,70,SHAHPUR,GEN,SHAIKH_GYASUDDIN_HABIBUDDIN,M,INC,65.9
2007,121,SHEHRA,GEN,AHIR_(BHARWAD)_JETHABHAI_GHELABHAI,M,BJP,58.42
2007,89,SIDHPUR,GEN,JAY_NARAYAN_VYAS,M,BJP,71.57
2007,52,SIHOR,GEN,NAKARANI_KESHUBHAI_HIRAJIBHAI,M,BJP,57.84
2007,136,SOJITRA,SC,ROHIT_AMBALAL_ASHABHAI,M,BJP,64.91
2007,38,SOMNATH,GEN,JOTVA_RAJSIBHAI_VIRABHAI,M,BJP,68.46
2007,163,SONGADH,ST,VASAVA_PRABUBHAI_NAGARBHAI,M,INC,67.95
2007,170,SURAT_CITY_EAST,GEN,GILITWALA_RANJITBHAI_MANGUBHAI,M,BJP,59.45
2007,169,SURAT__CITY_NORTH,GEN,VANANI_NANUBHAI_BHAGVANBHAI,M,BJP,60.53
2007,171,SURAT_CITY_WEST,GEN,KISHOR_VANKAWALA,M,BJP,57.43
2007,55,TALAJA,GEN,MAKVANA_BHAVNABEN_RAGHAVJIBHAI,F,BJP,49
2007,37,TALALA,GEN,BARAD_BHAGAVANBHAI_DHANABHAI,M,INC,72.97
2007,14,TANKARA,GEN,KUNDARIYA_MOHANBHAI_KALYANJIBHAI,M,BJP,64.72
2007,126,THASRA,GEN,PARMAR_RAMSINH_PRABHATSINH,M,INC,61.15
2007,182,UMBERGAON,ST,RAMANLAL_NANUBHAI_PATKAR,M,BJP,53.66
2007,127,UMRETH,GEN,VADODIA_LALSINH_UDESHINH,M,INC,63.19
2007,39,UNA,GEN,RATHOD_KALUBHAI_CHANABHAI,M,BJP,66.54
2007,88,UNJHA,GEN,PATEL_NARAYANBHAI_LALLUDAS,M,BJP,63.39
2007,23,UPLETA,GEN,MAKADIYA_PRAVINBHAI_MOHANBHAI,M,BJP,56.66
2007,101,VADGAM,SC,VAGHELA_FAKIRBHAI_RAGHABHAI,M,BJP,58.77
2007,90,VAGDOD,GEN,THAKOR_JODHAJI_GALABJI,M,INC,56
2007,150,VAGHODIA,GEN,SHRIVASTAV_MADHUBHAI_BABUBHAI,M,BJP,63.03
2007,155,VAGRA,GEN,IQBAL_PATEL,M,INC,66.71
2007,95,VAV,GEN,PATEL_PARBATBHAI_SAVABHAI,M,BJP,69.1
2007,85,VIJAPUR,GEN,KANTIBHAI_RAMABHAI_PATEL,M,BJP,63.22
2007,63,VIRAMGAM,GEN,RATHOD_KAMABHAI_GAGJIBHAI,M,BJP,61.26
2007,40,VISAVADAR,GEN,BHALALA_KANUBHAI_MEPABHAI,M,BJP,53.63
2007,86,VISNAGAR,GEN,PATEL_RUSHIKESH_GANESHBHAI,M,BJP,62.95
2007,164,VYARA,ST,GAMIT_PUNABHAI_DHEDABHAI,M,INC,68.15
2007,8,WADHWAN,GEN,DOSHI_VARSHABEN_NARENDRABHAI,F,BJP,58.78
2007,15,WANKANER,GEN,PIRJADA_MAHMADJAVID_ABDULMUTLIB,M,INC,63.65
2012,1,ABDASA,GEN,CHHABILBHAI_NARANBHAI_PATEL,M,INC,99.96
2012,143,AKOTA,GEN,SAURABH_PATEL,M,BJP,99.9
2012,50,AMRAIWADI,GEN,HASMUKHBHAI_SOMABHAI_PATEL,M,BJP,99.92
2012,95,AMRELI,GEN,PARESH_DHANANI,M,INC,99.92
2012,112,ANAND,GEN,DILIPBHAI_MANIBHAI_PATEL,M,BJP,99.99
2012,4,ANJAR,GEN,AHIR_VASANBHAI_GOPALBHAI,M,BJP,99.89
2012,110,ANKLAV,GEN,AMIT_CHAVDA,M,INC,100
2012,154,ANKLESHWAR,GEN,ISHWARSINH_THAKORBHAI_PATEL,M,BJP,99.94
2012,56,ASARWA,SC,RAJANIKANT_MOHANLAL_PATEL_(R.M._PATEL),M,BJP,99.92
2012,121,BALASINOR,GEN,CHAUHAN_MANSINH_KOHYABHAI,M,INC,99.85
2012,49,BAPUNAGAR,GEN,RAJPUT_JAGRUPSINH_GIRDANSINH,M,BJP,99.9
2012,169,BARDOLI,SC,PARMAR_ISHWARBHAI_ALIAS_ANILBHAI_RAMANBHAI,M,BJP,99.94
2012,32,BAYAD,GEN,VAGHELA_MAHENDRASINH_SHANKARSINH,M,INC,99.77
2012,23,BECHARAJI,GEN,RAJANIKANT_SOMABHAI_PATEL,M,BJP,99.84
2012,153,BHARUCH,GEN,DUSHYANTBHAI_RAJNIKANT_PATEL,M,BJP,99.75
2012,104,BHAVNAGAR_EAST,GEN,DAVE_VIBHAVARIBEN_VIJAYBHAI_(VIBHABEN_DAVE),F,BJP,99.78
2012,103,BHAVNAGAR_RURAL,GEN,PARSHOTTAMBHAI_ODHAVJIBHAI_SOLANKI,M,BJP,99.96
2012,105,BHAVNAGAR_WEST,GEN,JITENDRABHAI_SAVJIBHAI_VAGHANI_(JITU_VAGHANI),M,BJP,99.86
2012,30,BHILODA,ST,ANIL_JOSHIYARA,M,INC,99.57
2012,3,BHUJ,GEN,DR._NIMABEN_AACHARYA,F,BJP,99.96
2012,109,BORSAD,GEN,PARMAR_RAJENDRASINH_DHIRSINH,M,INC,99.88
2012,107,BOTAD,GEN,MANIYA_THAKARSHIBHAI_DEVJIBHAI,M,BJP,99.97
2012,17,CHANASMA,GEN,DILIPKUMAR_VIRAJIBHAI_THAKOR,M,BJP,99.97
2012,137,CHHOTA_UDAIPUR,ST,RATHWA_MOHANSINH_CHHOTUBHAI,M,INC,99.92
2012,168,CHORASI,GEN,RAJENDRABHAI_PARABHUBHAI_PATEL_(RAJABHAI),M,BJP,99.91
2012,63,CHOTILA,GEN,SHAMJIBHAI_BHIMJIBHAI_CHAUHAN,M,BJP,99.99
2012,140,DABHOI,GEN,BALKRISHNABHAI_NARANBHAI_PATEL,M,BJP,99.96
2012,132,DAHOD,ST,PANADA_VAJESINGBHAI_PARSINGBHAI,M,INC,99.98
2012,173,DANGS,ST,GAVIT_MANGALBHAI_GANGAJIBHAI,M,INC,99.93
2012,54,DANILIMDA,SC,SHAILESH_MANUBHAI_PARMAR,M,INC,99.94
2012,10,DANTA,ST,KHARADI_KANTIBHAI_KALABHAI,M,INC,99.93
2012,51,DARIAPUR,GEN,GYASUDDIN_HABIBUDDIN_SHEKH,M,INC,99.88
2012,60,DASADA,SC,MAKWANA_PUNAMBHAI_KALABHAI,M,BJP,99.84
2012,57,DASKROI,GEN,BABUBHAI_JAMNADAS_PATEL,M,BJP,99.93
2012,149,DEDIAPADA,ST,MOTILAL_PUNIABHAI_VASAVA,M,BJP,99.99
2012,13,DEESA,GEN,VAGHELA_LILADHARBHAI_KHODAJI,M,BJP,99.98
2012,34,DEHGAM,GEN,RATHOD_KAMINIBA_BHUPENDRASINH,F,INC,99.88
2012,14,DEODAR,GEN,CHAUHAN_KESHAJI_SHIVAJI,M,BJP,99.97
2012,134,DEVGADH_BARIA,GEN,KHABAD_BACHUBHAI_MAGANBHAI,M,BJP,99.84
2012,59,DHANDHUKA,GEN,LALJIBHAI_CHATURBHAI_KOLIPATEL,M,BJP,99.91
2012,9,DHANERA,GEN,JOITABHAI_KASNABHAI_PATEL,M,INC,99.96
2012,178,DHARAMPUR,ST,ISHWARBHAI_DHEDABHAI_PATEL,M,INC,99.93
2012,94,DHARI,GEN,KOTADIYA_NALINBHAI_NANJIBHAI,M,GPP,99.95
2012,58,DHOLKA,GEN,CHUDASAMA_BHUPENDRASINH_MANUBHA,M,BJP,99.85
2012,75,DHORAJI,GEN,RADADIYA_VITHALBHAI_HANSRAJBHAI,M,INC,99.96
2012,64,DHRANGADHRA,GEN,KAVADIA_JAYANTIBHAI_RAMJIBHAI,M,BJP,100
2012,82,DWARKA,GEN,PABUBHA_VIRAMBHA_MANEK,M,BJP,99.98
2012,44,ELLIS_BRIDGE,GEN,SHRI_RAKESH_SHAH,M,BJP,99.91
2012,129,FATEPURA,ST,KATARA_RAMESHBHAI_BHURABHAI,M,BJP,99.98
2012,106,GADHADA,SC,ATMARAM_MAKANBHAI_PARMAR,M,BJP,99.94
2012,176,GANDEVI,ST,MANGUBHAI_CHHAGANBHAI_PATEL,M,BJP,99.99
2012,5,GANDHIDHAM,SC,MAHESHWARI_RAMESH_VACHCHHRAJ,M,BJP,99.98
2012,36,GANDHINAGAR_NORTH,GEN,ASHOKKUMAR_RANCHHODBHAI_PATEL,M,BJP,99.74
2012,35,GANDHINAGAR_SOUTH,GEN,THAKOR_SHAMBHUJI_CHELAJI,M,BJP,99.97
2012,133,GARBADA,ST,BARIYA_CHANDRIKABEN_CHHAGANBHAI,F,INC,99.99
2012,101,GARIADHAR,GEN,KESHUBHAI_HIRJIBHAI_NAKARANI,M,BJP,99.99
2012,41,GHATLODIA,GEN,ANANDIBEN_MAFATBHAI_PATEL,F,BJP,99.86
2012,126,GODHRA,GEN,C.K._RAULJI,M,INC,99.86
2012,73,GONDAL,GEN,JADEJA_JAYRAJSINH_TEMUBHA,M,BJP,99.96
2012,128,HALOL,GEN,PARMAR_JAYDRATHSINHJI_CHANDRASINHJI,M,BJP,99.96
2012,27,HIMATNAGAR,GEN,CHAVDA_RAJENDRASINH_RANJITSINH_(RAJUBHAI_CHAVDA),M,INC,99.85
2012,28,IDAR,SC,RAMANLAL_ISHVARLAL_VORA,M,BJP,99.8
2012,174,JALALPORE,GEN,R.C._PATEL,M,BJP,99.93
2012,52,JAMALPUR,GEN,BHATT_BHUSHAN_ASHOK,M,BJP,99.98
2012,150,JAMBUSAR,GEN,CHHATRASINHJI_PUJABHAI_MORI,M,BJP,99.77
2012,80,JAMJODHPUR,GEN,SHAPRIYA_CHIMANBHAI_DHARAMSHIBHAI,M,BJP,99.95
2012,78,JAMNAGAR_NORTH,GEN,JADEJA_DHARMENDRASINH_MERUBHA_(HAKUBHA_JADEJA),M,INC,99.98
2012,77,JAMNAGAR_RURAL,GEN,RAGHAVJIBHAI_HANSRAJBHAI_PATEL,M,INC,99.96
2012,79,JAMNAGAR_SOUTH,GEN,TRIVEDI_VASUBEN_NARENDRABHAI,F,BJP,99.96
2012,72,JASDAN,GEN,GOHEL_BHOLABHAI_BHIKHABHAI,M,INC,99.97
2012,74,JETPUR,GEN,RADADIYA_JAYESHBHAI_VITTHALBHAI,M,INC,99.97
2012,138,JETPUR-I,ST,RATHAVA_JAYANTIBHAI_SAVAJIBHAI,M,BJP,99.98
2012,152,JHAGADIA,ST,VASAVA_CHHOTUBHAI_AMARASINHBHAI,M,JD(U),99.98
2012,130,JHALOD,ST,GARASIYA_MITESHBHAI_KALABHAI,M,INC,99.88
2012,86,JUNAGADH,GEN,MASHRU_MAHENDRABHAI_LILADHARBHAI,M,BJP,99.83
2012,24,KADI,SC,CHAVADA_RAMESHBHAI_MAGANBHAI,M,INC,99.94
2012,76,KALAWAD,SC,CHAVDA_MEGHJIBHAI_AMARABHAI,M,BJP,99.98
2012,127,KALOL,GEN,RATHOD_ARVINDSINH_DAMSINH,M,BJP,99.96
2012,38,KALOL-I,GEN,THAKOR_BALDEVJI_CHANDUJI,M,INC,99.96
2012,158,KAMREJ,GEN,PANSHERIYA_PRAFULBHAI_CHHAGANBHAI,M,BJP,99.96
2012,15,KANKREJ,GEN,KHANPURA_DHARSHIBHAI_LAKHABHAI,M,INC,99.89
2012,120,KAPADVANJ,GEN,SHANKERSINH_VAGHELA_(BAPU),M,INC,99.86
2012,181,KAPRADA,ST,CHAUDHARI_JITUBHAI_HARJIBHAI,M,INC,99.99
2012,147,KARANJ,GEN,SATISHBHAI_MOTIBHAI_PATEL,M,BJP,100
2012,162,KARANJ-I,GEN,KACHHADIYA_JANAKBHAI_MANJIBHAI,M,BJP,99.98
2012,166,KATARGAM,GEN,VANANI_NANUBHAI_BHAGWANBHAI_(NANUBHAI_PATEL),M,BJP,99.98
2012,88,KESHOD,GEN,ARVINDBHAI_KESHAVBHAI_LADANI,M,BJP,99.84
2012,81,KHAMBHALIA,GEN,POONAMBEN_HEMATBHAI_MADAM,F,BJP,99.95
2012,108,KHAMBHAT,GEN,SANJAYKUMAR_RAMANBHAI_PATEL,M,BJP,99.88
2012,29,KHEDBRAHMA,ST,ASHWIN_KOTVAL,M,INC,99.88
2012,20,KHERALU,GEN,DHABHI_BHARATSIGHJI_SANKARJI,M,BJP,99.88
2012,92,KODINAR,SC,SOLANKI_JETHABHAI_DANABHAI,M,BJP,99.97
2012,84,KUTIYANA,GEN,KANDHAL_SARMANBHAI_JADEJA,M,NCP,99.93
2012,96,LATHI,GEN,BAVKUBHAI_NATHABHAI_UNDHAD,M,INC,99.96
2012,163,LIMBAYAT,GEN,PATIL_SANGITABEN_RAJENDRABHAI,F,BJP,99.98
2012,61,LIMBDI,GEN,SOMABHAI_GANDALAL_KOLIPATEL,M,INC,99.99
2012,131,LIMKHEDA,ST,BHABHOR_JASWANTSINH_SUMANBHAI,M,BJP,99.99
2012,122,LUNAVADA,GEN,HIRABHAI_HARIBHAI_PATEL,M,INC,99.97
2012,118,MAHUDHA,GEN,THAKOR_NATVARSINH_FULSINH,M,INC,99.43
2012,99,MAHUVA,GEN,MAKWANA_BHAVANABEN_RAGHAVBHAI,F,BJP,99.89
2012,170,MAHUVA-I,ST,DHODIYA_MOHANBHAI_DHANJIBHAI,M,BJP,99.94
2012,165,MAJURA,GEN,SANGHVI_HARSH_RAMESHKUMAR,M,BJP,99.9
2012,85,MANAVADAR,GEN,CHAVDA_JAWAHARBHAI_PETHALAJIBHAI,M,INC,99.98
2012,2,MANDVI,GEN,CHHEDA_TARACHAND_JAGSHIBHAI,M,BJP,99.88
2012,157,MANDVI-I,ST,VASAVA_PRABUBHAI_NAGARBHAI,M,INC,99.83
2012,89,MANGROL,GEN,CHUDASAMA_RAJESHBHAI_NARANBHAI,M,BJP,99.95
2012,156,MANGROL-I,ST,VASAVA_GANPATSINH_VESTABHAI,M,BJP,99.91
2012,53,MANINAGAR,GEN,NARENDRA_MODI,M,BJP,99.93
2012,145,MANJALPUR,GEN,YOGESH_PATEL,M,BJP,99.91
2012,37,MANSA,GEN,CHAUDHARI_AMITBHAI_HARISINGBHAI,M,INC,99.93
2012,115,MATAR,GEN,CHAUHAN_DEVUSINH_JESINGBHAI,M,BJP,99.9
2012,117,MEHMEDABAD,GEN,GAUTAMBHAI_RAVJIBHAI_CHAUHAN,M,INC,99.99
2012,25,MEHSANA,GEN,NITINKUMAR_RATILAL_PATEL,M,BJP,99.97
2012,31,MODASA,GEN,THAKOR_RAJENDRASINH_SHIVSINH,M,INC,99.53
2012,125,MORVA_HADAF,ST,KHANT_SAVITABEN_VECHATBHAI,F,INC,99.85
2012,65,MORVI,GEN,AMRUTIYA_KANTILAL_SHIVABHAI,M,BJP,99.99
2012,116,NADIAD,GEN,DESAI_PANKAJKUMAR_VINUBHAI_(GOTIYO),M,BJP,99.69
2012,148,NANDOD,ST,TADVI_SHABDASHARAN_BHAILALBHAI,M,BJP,99.92
2012,45,NARANPURA,GEN,AMITBHAI_ANILCHANDRA_SHAH_(AMIT_SHAH),M,BJP,99.91
2012,47,NARODA,GEN,WADHWANI_NIRMALABEN_SUNILBHAI,F,BJP,99.98
2012,175,NAVSARI,GEN,DESAI_PIYUSHBHAI_DINKARBHAI,M,BJP,99.91
2012,172,NIJHAR,ST,GAMIT_KANTILALBHAI_RESHMABHAI,M,BJP,99.9
2012,46,NIKOL,GEN,PANCHAL_JAGDISH_ISHWARBHAI,M,BJP,100
2012,155,OLPAD,GEN,MUKESHBHAI_ZINABHAI_PATEL,M,BJP,99.86
2012,146,PADRA,GEN,DINESHBHAI_BALUBHAI_PATEL_(DINUMAMA),M,BJP,99.97
2012,12,PALANPUR,GEN,MAHESHKUMAR_AMRUTLAL_PATEL,M,INC,99.93
2012,102,PALITANA,GEN,RATHOD_PRAVINBHAI_JINABHAI,M,INC,99.94
2012,180,PARDI,GEN,KANUBHAI_MOHANLAL_DESAI,M,BJP,99.98
2012,18,PATAN,GEN,DESAI_RANCHHOD_MAHIJIBHAI_(RANCHHOD_RABARI_VAKIL),M,BJP,99.81
2012,113,PETLAD,GEN,NIRANJAN_PURSOTTAMDAS_PATEL,M,INC,99.96
2012,83,PORBANDAR,GEN,BABUBHAI_BHIMABHAI_BOKHIRIA,M,BJP,99.96
2012,33,PRANTIJ,GEN,BARAIYA_MAHENDRASINH_KACHARSINH_(_ADVOCATE_),M,INC,99.9
2012,16,RADHANPUR,GEN,THAKOR_NAGARJI_HARCHANDJI,M,BJP,99.98
2012,68,RAJKOT_EAST,GEN,RAJGURU_INDRANIL_SANJAYBHAI,M,INC,99.98
2012,71,RAJKOT_RURAL,SC,BHANUBEN_MANOHARBHAI_BABARIYA,F,BJP,100
2012,70,RAJKOT_SOUTH,GEN,GOVIND_PATEL,M,BJP,99.94
2012,69,RAJKOT_WEST,GEN,VAJUBHAI_RUDABHAI_VALA,M,BJP,99.95
2012,98,RAJULA,GEN,SOLANKI_HIRABHAI_ODHAVJIBHAI,M,BJP,99.93
2012,144,RAOPURA,GEN,RAJENDRA_TRIVEDI_(RAJUBHAI_VAKIL),M,BJP,99.92
2012,6,RAPAR,GEN,VAGHAJIBHAI_DHARAMSHIBHAI_PATEL,M,BJP,99.98
2012,55,SABARMATI,GEN,ARVINDKUMAR_GANDALAL_PATEL_(ARVIND_DALAL),M,BJP,99.88
2012,40,SANAND,GEN,KARAMSIBHAI_VIRJIBHAI_PATEL,M,INC,99.92
2012,139,SANKHEDA,ST,BHIL_DHIRUBHAI_CHUNILAL,M,INC,99.98
2012,123,SANTRAMPUR,ST,DAMOR_GENDALBHAI_MOTIBHAI,M,INC,99.92
2012,97,SAVARKUNDLA,GEN,VAGHASIYA_VALLABHBHAI_VASHARAMBHAI_(V.V.VAGHASIYA),M,BJP,99.99
2012,135,SAVLI,GEN,INAMDAR_KETANBHAI_MAHENDRABHAI,M,IND,99.96
2012,142,SAYAJIGANJ,GEN,SUKHADIYA_JITENDRA_RATILAL_SUKHADIYA,M,BJP,99.75
2012,124,SHEHRA,GEN,AHIR_(BHARWAD)_JETHABHAI_GHELABHAI,M,BJP,99.92
2012,19,SIDHPUR,GEN,BALVANTSINH_CHANDANSINH_RAJPUT,M,INC,99.96
2012,114,SOJITRA,GEN,PARMAR_PUNAMBHAI_MADHABHAI,M,INC,99.96
2012,90,SOMNATH,GEN,BARAD_JASHUBHAI_DHANABHAI,M,INC,99.9
2012,159,SURAT_CITY_EAST,GEN,GILITWALA_RANJITBHAI_MANGUBHAI,M,BJP,100
2012,160,SURAT_CITY_NORTH,GEN,CHOKSI_AJAYKUMAR_JASHVANTLAL,M,BJP,100
2012,167,SURAT_CITY_WEST,GEN,KISHORBHAI_RATILAL_VANKAWALA,M,BJP,99.92
2012,100,TALAJA,GEN,SHYAL_BHARTIBEN_DHIRUBHAI,F,BJP,99.9
2012,91,TALALA,GEN,JASHUBHAI_DHANABHAI_BARAD,M,INC,99.94
2012,66,TANKARA,GEN,KUNDARIYA_MOHANBHAI_KALYANJIBHAI,M,BJP,99.87
2012,48,THAKKARBAPA_NAGAR,GEN,KAKADIYA_VALLABHBHAI_GOBARBHAI_(VALLABHBHAI_HIRAWALA),M,BJP,99.89
2012,8,THARAD,GEN,PARABATBHAI_SAVABHAI_PATEL,M,BJP,100
2012,119,THASRA,GEN,PARMAR_RAMSINH_PRABHATBHAI,M,INC,99.65
2012,164,UDHNA,GEN,NAROTTAMBHAI_PATEL,M,BJP,99.94
2012,182,UMBERGAON,ST,PATKAR_RAMANBHAI_NANUBHAI,M,BJP,100
2012,111,UMRETH,GEN,JAYANTBHAI_RAMANBHAI_PATEL_(BOSKEY),M,NCP,99.99
2012,93,UNA,GEN,VANSH_PUNJABHAI_BHIMABHAI,M,INC,99.9
2012,21,UNJHA,GEN,NARAYANBHAI_LALLUDAS_PATEL,M,BJP,99.89
2012,11,VADGAM,SC,MANILAL_JETHABHAI_VAGHELA,M,INC,100
2012,141,VADODARA_CITY,SC,VAKIL_MANISHA_RAJIVBHAI,F,BJP,99.98
2012,136,VAGHODIA,GEN,SHRIVASTAV_MADHUBHAI_BABUBHAI,M,BJP,99.99
2012,151,VAGRA,GEN,ARUNSINH_AJITSINH_RANA,M,BJP,99.94
2012,179,VALSAD,GEN,BHARATBHAI_KIKUBHAI_PATEL,M,BJP,99.89
2012,177,VANSDA,ST,CHAUDHARI_CHHANABHAI_KOLUBHAI,M,INC,99.86
2012,161,VARACHHA_ROAD,GEN,KANANI_KISHORBHAI_SHIVABHAI_(KUMAR),M,BJP,99.97
2012,43,VATVA,GEN,PRADIPSINH_BHAGWATSINH_JADEJA,M,BJP,100
2012,7,VAV,GEN,SHANKARBHAI_LAGDHIRBHAI_PATEL_(CHAUDHARY),M,BJP,99.93
2012,42,VEJALPUR,GEN,CHAUHAN_KISHORSINH_BABULAL_(KISHOR_CHAUHAN),M,BJP,99.91
2012,26,VIJAPUR,GEN,PRAHLADBHAI_ISHWARBHAI_PATEL,M,INC,99.9
2012,39,VIRAMGAM,GEN,TEJASHREEBEN_DILIPKUMAR_PATEL,F,INC,99.93
2012,87,VISAVADAR,GEN,KESHUBHAI_SAVDASBHAI_PATEL,M,GPP,99.99
2012,22,VISNAGAR,GEN,RUSHIKESH_GANESHBHAI_PATEL,M,BJP,99.88
2012,171,VYARA,ST,PUNABHAI_DHEDABHAI_GAMIT,M,INC,99.92
2012,62,WADHWAN,GEN,DOSHI_VARSHABEN_NARENDRABHAI,F,BJP,99.99
2012,67,WANKANER,GEN,PEERZADA_MAHMAD_JAVID_ABDUL_MUTLEEB,M,INC,99.56